mutation,antibiotic,phenotype
S83L,Ciprofloxacin,R
D87N,Ciprofloxacin,R
D87G,Ciprofloxacin,R
S80I,Ciprofloxacin,R
E84K,Ciprofloxacin,R
A67S,Ciprofloxacin,S
G81D,Ciprofloxacin,R
A119E,Ciprofloxacin,R
T86I,Ciprofloxacin,R
G78D,Ciprofloxacin,R
D82A,Ciprofloxacin,S
S84Y,Ciprofloxacin,R
A88P,Ciprofloxacin,S
A51V,Ciprofloxacin,S
E85K,Ciprofloxacin,R
D87Y,Ciprofloxacin,R
S80R,Ciprofloxacin,R
A67P,Ciprofloxacin,S
G81C,Ciprofloxacin,R
T86A,Ciprofloxacin,S
S83W,Ciprofloxacin,R
A119T,Ciprofloxacin,S
D87H,Ciprofloxacin,R
S80L,Ciprofloxacin,R
E84G,Ciprofloxacin,S
A67T,Ciprofloxacin,S
G81A,Ciprofloxacin,S
T86M,Ciprofloxacin,S
G78C,Ciprofloxacin,S
D82G,Ciprofloxacin,S
S84L,Ciprofloxacin,R
A88V,Ciprofloxacin,S
A51T,Ciprofloxacin,S
E85G,Ciprofloxacin,S
D87V,Ciprofloxacin,R
S80T,Ciprofloxacin,S
A67G,Ciprofloxacin,S
G81S,Ciprofloxacin,S
T86S,Ciprofloxacin,S
S83A,Ciprofloxacin,S
A119V,Ciprofloxacin,S
D87A,Ciprofloxacin,S
S80N,Ciprofloxacin,S
E84V,Ciprofloxacin,S
A67C,Ciprofloxacin,S
G81V,Ciprofloxacin,S
T86V,Ciprofloxacin,S
G78S,Ciprofloxacin,S
D82E,Ciprofloxacin,S
S84A,Ciprofloxacin,S
